{
  "products": [
    {
      "id": 2,
      "firstname": "prathamesh",
      "lastname": "shirsath",
      "age": 22,
      "queue": "queue2",
      "gender": "male",
      "date": "2023-10-11"
    },
    {
      "id": 3,
      "firstname": "Kanhiya ",
      "lastname": "Chalase",
      "age": 22,
      "queue": "queue1",
      "gender": "male",
      "date": "2023-10-10"
    },
    {
      "id": 4,
      "firstname": "akshay",
      "lastname": "wagh",
      "age": 22,
      "queue": "queue3",
      "gender": "male",
      "date": "2023-10-27"
    },
    {
      "id": 5,
      "firstname": "Neha",
      "lastname": "Wagh",
      "age": 22,
      "queue": "queue6",
      "gender": "female",
      "date": "2023-10-10"
    }
  ]
}